result_id,assessment_id,athlete_name,test_date,age_at_test,cmj_composite_score,CONCENTRIC_IMPULSE_Trial_Ns,ECCENTRIC_BRAKING_RFD_Trial_N_s,PEAK_CONCENTRIC_FORCE_Trial_N,BODYMASS_RELATIVE_TAKEOFF_POWER_Trial_W_kg,RSI_MODIFIED_Trial_RSI_mod,ECCENTRIC_BRAKING_IMPULSE_Trial_Ns,BODY_WEIGHT_LBS_Trial_lb,CONCENTRIC_DURATION_Trial_ms,CONCENTRIC_RFD_Trial_N_s,JUMP_HEIGHT_IMP_MOM_Trial_cm,PEAK_TAKEOFF_POWER_Trial_W,CONCENTRIC_IMPULSE_P1_Trial_Ns,CONCENTRIC_IMPULSE_P2_Trial_Ns,RSI_MODIFIED_IMP_MOM_Trial_RSI_mod,CON_P2_CON_P1_IMPULSE_RATIO_Trial,CONCENTRIC_IMPULSE_Asym_Ns,ECCENTRIC_BRAKING_IMPULSE_Asym_Ns,CONCENTRIC_IMPULSE_P1_Asym_Ns,CONCENTRIC_IMPULSE_P2_Asym_Ns,athlete_id
04816f40-cef9-4eb0-a199-263ca7c1cc9a,13dff597-4086-484c-9270-de9e0b7210a7,Riley Cornelio,2025-02-21,24,100.0,323.5882201629961,11329.545454571858,3096.322265625,67.341,86.06428037932588,111.72979304873967,99.21,0.26999999999937074,0.0,53.8330351324664,6680.92,209.60320556226165,113.98501460073443,74.97637205096359,0.5438133176206397,-2.3887985489596892,-5.053491826839134,-3.7994382678691734,-0.4080138818922583,0000227
433626f3-c971-4757-b1c4-6469ff41c535,f6eacd19-ed94-4a1f-922e-22dbc9312838,Garrett Tisdall,2025-01-27,25,98.10319678937825,319.1306497995491,11967.999999985374,3028.750730282376,65.282,72.49178907903595,111.83071607073057,104.04,0.252000000000308,0.0,48.21579671651349,6791.918,209.06582489983492,110.06482489971383,70.4909308720096,0.5264601469534619,0.5807618251739195,-7.0858134006531195,2.2274844333673136,-1.7648671750135914,0000373
1b215af2-a90e-4d0d-b8b6-ed1da7e59fa3,298f0643-89fa-4508-87dc-3ad23db4edac,Griffin Bruder,2025-05-28,23,97.26580112255348,291.30534596242165,9320.610687011507,2635.454633204633,78.784,81.20692979949223,71.12557670470092,89.65,0.2300000000002811,0.0,54.142803266952626,7062.989,172.7488845205393,118.55646144188236,77.56848605571126,0.6862936439267506,2.358527252965641,16.309433369055125,8.07996167257547,-4.955367328907926,0001775
d7231559-aa6c-4c6d-89ef-72a5437d5038,a0a9a679-fd99-4055-8721-789719784ccd,Braden Thorn,2025-02-03,23,96.58400009583573,293.59045381729317,9039.999999988951,2297.542961608775,75.084,81.73925183833518,108.71362952732666,89.39,0.2660000000003251,999.9999999987779,54.7031350264116,6711.777,168.7223003905645,124.86815342672836,76.615035050903,0.7400809089117386,-5.654836137017115,9.286882417358482,-6.7019713424872505,-4.411216316803808,0001014
815ad4b9-e25f-4cdf-a5f8-0b7c55b1bea9,fda1ebf8-5d87-4e6d-9ab4-e9b29922d11b,Stephen Gonsalves,2024-01-18,29,95.89167703828298,302.2621999391704,10987.068965523333,2683.941784037559,69.748,71.82656354587856,89.94630804466382,,0.22199999999987696,1052.6315789479518,48.43595160418752,6806.746,183.08418915902996,119.17801078014055,70.60634344637663,0.6509464925811839,7.173043593019725,-6.189461263614334,5.2060645890775135,9.621895314011454,0000034
6f8d45aa-9632-4fd7-b00f-5ea7cb91b67a,d87d1429-63e5-4ee8-a9b4-ae5dd532fd77,Blake Weiman,2024-10-09,29,95.75911369691819,290.57030820153733,11930.555555540976,2690.191133004926,65.112,83.15993658291896,98.93707738118493,,0.2400000000002933,0.0,45.36642386755905,6320.383,185.9971541008184,104.57315410071887,70.22666233359692,0.5622298610226893,-4.1038218986988255,16.69312058244039,-3.1334377707071654,-5.419851595265001,0000891
0f2f273f-72f4-42e3-ac00-331eb77f1474,931d4fec-8659-4491-aa54-854d80bc3794,Austin Bergner,2024-12-31,27,95.62370260829262,291.9389882741332,12234.7826086807,2880.3442164179105,65.122,78.47177320085349,84.36889776122257,96.17,0.2220000000002713,699.9999999991445,46.573538848909486,6262.822,197.40525545121147,94.53373282292154,70.56596795280691,0.47888154044756653,-2.024285541035505,8.940558400282416,-0.993031889844975,-3.5558455244026774,0001693
3752e514-251b-4248-a4fc-f3e2e9e43866,5e73e423-148d-464c-bba3-9a220bfdae3b,Hunter Boneau,2024-03-11,21,94.1319692107005,276.75855708399274,10690.987124469442,2632.7091463414636,69.665,71.98325911446805,80.60148004751629,,0.2229999999998764,1812.500000001033,49.11912558626181,6200.151,181.5171948938018,95.24136219019111,71.08411806988282,0.5246960886868757,1.5764472854713174,15.175336324364194,2.019035124122287,0.9345097199451644,0001247
88cab40c-bb02-4749-af50-166ef703c9bf,50471de4-bb3c-4fae-a636-69983eebd090,Ethan O'donnell,2024-01-18,21,94.08520708422145,278.06240837754393,9825.581395354284,2766.491609081935,69.378,79.20054968651199,65.94490445110266,,0.2159999999998803,1000.0000000005542,51.71489394147338,6074.775,184.26770418874682,93.79470418879696,78.1191751382206,0.5090132565646031,5.321172246440741,20.299680859094842,4.382213273573629,6.699039057206638,0000270
9d1e5cf0-39f3-44eb-9323-f93db7fe4029,bb579400-e8c5-49d4-b09c-f9366e535fef,Julian Garcia,2025-03-11,29,93.8955778395264,302.50031475998503,9751.851851839934,2823.6259615384615,65.265,70.43236325292698,80.41321994048273,97.85,0.25000000000030553,0.0,49.267120015773166,6386.164,183.30561212099323,119.19470263899181,69.98170456777409,0.6502512457737291,6.765063736310702,4.299919952971646,5.554817761994095,8.267532860104632,0001172
0696de9e-f25d-4df6-93b1-5aeb0bb3ee54,e09e02c6-419f-4aac-a586-6e0082befc6e,Blake Wilson,2024-11-25,21,93.20718016494442,260.30798191677144,9708.695652162045,2321.1048158640224,70.7,86.67039296646676,78.87599931382155,,0.23200000000028353,999.9999999987779,52.47619494902561,5735.868,158.08699095841982,102.22099095835154,80.2388301971888,0.6466122882004743,8.660471296803255,16.356298224868013,10.846586116870261,5.770971893549094,0001742
d6bc843f-b52a-4649-b9b7-908334601f22,345e087a-4a06-4a13-b497-4b7fe7187a26,Case Williams,2024-07-15,22,93.16105221868571,297.2642873201695,10908.000000006046,2793.080629301868,58.437,67.36569564271835,110.24657982540595,,0.2859999999998415,0.0,43.57366414793636,5925.555,188.32845734076085,108.93582997940865,61.89440930108027,0.5784353119948333,-0.9765226103050251,-6.706073264248734,-3.463779309038616,2.3159272375247104,0001950
2fe80af2-03e9-48a0-867a-21604bebfc0b,567c31f9-697a-4527-96e9-f9d7bf9d3beb,Alec Willis,2024-10-22,21,92.54132636582031,304.1775799732537,10061.06870227778,2764.8218694885363,59.278,65.14484853373345,100.91022776811981,,0.2720000000003324,0.0,42.72317034196633,6227.776,189.9757899866732,114.20178998658056,58.68567354658533,0.6011386503227165,-4.311046276401006,-14.022515388014053,-5.716398483281138,-2.4563667256786816,0001234
b3c619eb-2ee5-4b18-93b5-5a919092092d,6d0ddf8f-e9a3-4099-8f66-3890b933329a,Mikey Thomas,2024-03-27,25,91.99371833934246,295.81337113102086,8813.13993173767,2617.062411347518,60.096,70.63219539417543,105.20154838485784,,0.2530000000000845,0.0,43.78261558718803,6081.716,187.76505834985,108.04831278117078,59.89413897014147,0.575444194626732,1.949262111276957,7.240120914575822,3.6872809734370695,-0.42010002977456806,0000803
c524988f-4209-4d2b-8733-8315eb877903,bdae099d-46b6-412c-8f02-8556adf43aa9,JD McCown,2024-06-17,21,91.94730764749129,266.84559251963304,9888.000000005482,2521.719733079123,65.98,70.3641687425426,86.6335925197328,,0.24999999999986144,0.0,49.17655852243564,5688.838,172.46060588971562,94.38498662991724,72.96225300068679,0.5472843270089991,1.6245123833587556,2.2994698774632814,3.0955060694047876,-0.44023956012839494,0000441
2bcfba6e-a5ae-4c74-b401-9b03a8b82e89,95c89a70-7746-4713-a21e-c140730cc761,Tyler Janowski,2025-07-23,29,91.4943406652054,301.88856449333275,9825.396825402271,2712.900390625,60.187,54.811507924497924,98.48369497144536,105.27,0.26799999999985147,0.0,41.71934950178596,6335.917,188.4642822466456,113.42428224668713,56.225538412141624,0.6018343682663823,2.9806730381752997,-3.537532137614774,0.12504420769900437,6.5679723430037775,0001367
8c7802a2-1006-44be-838c-705c9c22031b,b077d933-f19c-46ab-af51-03b04ae4d989,Caleb Farmer,2023-12-29,24,91.48546887847687,290.6994944526978,11632.47863248508,2821.6266924564798,55.387,62.827693720114425,99.96237383576093,,0.2559999999998581,0.0,41.573811240143634,5626.789,191.11424722632353,99.58524722637422,62.0504645375622,0.5210770451270554,-4.927257069192383,-11.069744481965808,-7.655980399159054,-0.9656294814508276,0001909
e5570259-c95d-4668-914b-c65167cfd5fb,0c28ab69-8fae-480f-8334-51761186b12c,Radek Birkholz,2024-12-23,21,89.73970075107933,271.40746793813304,8757.46268655646,2439.2930866601755,63.853,68.52652831351658,72.99441274301621,90.31,0.23600000000028842,1999.9999999975557,45.585414065124866,5766.536,173.91323396911326,97.4942339690199,68.03793144040172,0.5605912312937309,6.840452274069546,2.028347924140055,9.323708663347334,3.3097968095777004,0001320
a9a4ef82-b1d4-4808-9807-d01406ee3090,6a57a1b9-2228-4158-8b69-0ec8fa8851c4,Will Sevier,2024-07-02,21,89.54671798350017,258.67991369650525,10217.213114759761,2577.157335907336,59.314,62.567721132663266,92.32286881733884,,0.25199999999986034,0.0,40.424812332531765,5482.972,164.85445684823287,93.82545684827234,59.27391837617913,0.5691411602820617,3.098985420118616,-4.315515917849425,-0.12399044235098247,7.26292260302996,0000330
9e85a9a6-4619-43d5-974a-636c150e33b8,207bb450-078d-4d18-942b-5becec6abf5f,Justin Bun,2024-07-18,25,89.54461498943374,282.59780259462275,9925.619834698613,2533.406698564593,57.704,65.28095414209162,87.49510407873848,,0.252000000000308,0.0,40.1508023492791,5838.539,183.65840129736313,98.93940129725969,59.39467803140536,0.5387142684372273,2.5126673295696835,-8.478826931615052,-4.127142564330642,11.196109166539593,0001527
c9cfb2a6-f2b2-4252-a8c1-78f7af72dca2,2cacdf0a-9d60-4090-af88-33462ba5b9e4,Blake Goldsberry,2025-07-02,28,89.16428501242227,303.9659935589991,5847.9532163878985,2502.5338417540515,61.729,61.987713580102444,81.83705972269513,102.99,0.2979999999993055,1813.0841121537583,44.1640041474899,6357.444,152.82294982124347,151.14304373775545,54.523461910608425,0.9890075012591172,-3.58467516223133,-14.396940563134194,-2.94609342976144,-4.218420813549709,0001918
9c58f86c-5b99-4d39-9a48-eccb6579782e,0dfcde74-b2ac-4add-857d-66cb73387cb3,Ian Cooley,2025-07-14,25,89.05670641870381,214.79964397102725,11206.42201833493,2601.5169409486934,63.301,78.15235496804422,54.22584658688133,78.2,0.18000000000021998,3749.999999995417,38.71012522210411,4950.144,157.16032198557443,57.63932198545282,70.89766524186227,0.3667549242533587,3.5238099668626814,-22.998269963328127,2.404716189145917,5.491009659468519,0001547
89197c59-d9fa-474a-8fcc-de99252b9815,e0025b9e-05af-4522-b295-fd0e36b1cda5,Dylan Tostrup,2025-07-29,22,89.05196074822445,243.7423412754831,11707.207207192898,2707.581481481481,55.605,74.80582906579106,74.54385321897996,90.9,0.20600000000025176,1499.999999998167,36.18720762768228,5054.468,169.80101364131863,73.94132763416444,61.75291404033797,0.435458693964898,4.514475905909719,27.78372619394159,7.290243976251512,0.0076182734734129625,0001070
6e82b48b-fcb5-4063-b933-0f04e6161f3c,de4acbb7-ef04-4e93-b5bf-40c93918f476,Harry Gustin,2024-11-19,22,88.99036266766035,249.24779967568816,7715.686274500375,2496.170948616601,66.569,75.02977518514754,51.08925674874232,,0.252000000000308,0.0,53.197540891781976,5107.148,166.0743998378948,83.17339983779338,74.29824146887844,0.5008201138705239,6.525357185799262,18.21366814701896,8.99060688737001,2.794549060620189,0001284
81ff1b4e-088c-46e0-84dc-444eec1e2ef0,7d6adae2-8720-474b-820f-a52c240cc0cb,Adam Tulloch,2025-01-27,25,88.80647441941802,287.3547647905923,8355.63380280669,2481.024096385542,59.656,62.62316547507652,79.13546615559076,99.63,0.26000000000031775,0.0,42.75487696078938,5943.569,173.62038239533274,113.73438239525943,61.0783956581959,0.6550750598871901,0.14874465674040555,-11.575127155068559,-1.1275597158099544,1.7355672924743333,0001896
3ca87404-ae1f-4b3e-9c9a-ba74b778cb3e,67d31c4d-2a39-4485-a5fa-a4964f8380c8,Charles Gargus,2025-07-01,22,88.56745438170677,268.06159760991443,8647.058823518842,2395.712475633528,59.29,62.96096429503607,94.33126478043495,92.34,0.27400000000033486,1249.9999999984723,43.41044183771465,5474.815,172.8606323903711,95.20096521954324,59.14229133196403,0.5507382676036434,1.6215350186496988,2.0952343547068355,6.258447650317477,-4.738566269469861,0001554
1deca5fe-8e8d-4818-b8d4-189ea9f0a241,38306505-7e8e-4f4e-b2da-ef82cc3f09ed,Matthew Ramstead,2024-11-12,21,88.36547326600517,298.9595579153655,8949.612403089837,2663.9473684210525,54.283,50.44420678577593,94.98646594774765,,0.2660000000003251,0.0,39.58895590810786,5843.527,186.47751746180683,112.48204045355843,50.4961172296677,0.6031935752072435,14.131705811870571,15.015583519468262,16.420665382949657,11.109846389130125,0000328
33739b7c-8a8f-4232-967b-c5437690a8d1,dc25998c-af52-482d-b017-cc8431746cf6,Daniel Kaiser,2024-04-01,21,88.32460760223836,228.00870223575865,11557.291666673073,2273.088827838828,59.744,70.13825410915123,89.22215059300551,,0.21799999999997866,1566.6666666675349,40.19156381236526,4832.73,152.67152220850883,75.3371800272499,67.89115508848106,0.49345928394137106,10.870593203103047,18.785983621438675,8.794709191079052,13.833372134968485,0000170
add63b4e-9218-47da-aebc-96b91fc136bb,4ac794d0-868a-40d1-9b9e-1ba54df089d5,Nolan Livsey,2025-02-18,23,88.29577457736579,252.86768411705162,7481.751824808374,2269.830754352031,67.135,70.2330513564688,59.25601581652886,85.56,0.21800000000026643,1999.9999999975557,45.01760381385327,5744.108,151.54556827820454,101.32211583884721,68.4158112671706,0.6685917443183951,-0.5722221776687438,-6.239435366877561,-4.948911017352606,4.930549333145979,0002014
b6ceecff-c601-49d6-8748-4f65f1f5470d,3915ceee-7f5c-4135-8242-50f743738a50,Kai Inouye,2025-02-11,23,87.8597975631125,217.72779821783908,5033.834586460012,2074.275280898876,78.459,69.59357741433307,41.76714022715216,68.28,0.20200000000024687,4257.142857137655,51.5783320460411,5357.173,133.88772189005127,83.84007632778778,68.04529293664652,0.6261968994934228,-2.824164442990773,-0.5594612987460678,-1.8158223115092094,-4.139725480702988,0000292
492d59c9-83b0-4d0b-975a-14ff26f711a6,74809edc-6f2f-4f3f-b4b9-6b7f40d33f26,Brig Brown,2024-01-30,24,87.69145207816356,239.9871775106245,4806.201550385993,2369.147928994083,70.371,61.04144339648502,64.83167397449505,,0.24600000000008215,9174.999999996937,47.77601069550653,5529.774,125.98304738332018,114.00413012730436,60.32324582763961,0.9049164351488628,-2.8405613193030037,24.695168792592952,-3.7125383809699075,-1.916778212077184,0000920
ad25909b-3432-4b4c-932e-e0a4f95ba376,8e4fe297-1576-4038-ac9d-3b0bad07117c,Riyan Rodriguez,2023-06-27,25,87.68538399527935,263.10409080718097,8330.645161294939,2532.648514851485,60.455,62.36596753673014,65.72264781913188,,0.21999999999987807,2575.7575757590034,37.94821217411615,5829.1,155.3210454035773,107.78304540360361,62.00688263747906,0.6939371617255493,0.6652925202578165,16.67763373474978,3.491108487414665,-2.8253078131355553,0001180
64b36683-0a68-42c9-80d1-af555b0995a8,83b60a8a-bbee-41ef-8d4f-e926eefce220,Max Matteucci,2025-02-19,25,87.2206249648228,275.1139750655047,6728.571428563206,2534.178671655753,58.711,65.93991460008058,67.21307335459566,93.99,0.2900000000003544,0.0,44.08690978505596,5518.228,172.67703589463943,102.43693917086507,55.1086372312526,0.5932285010577085,-7.689605783274916,-8.141645687851499,-6.308148459024543,-9.440935505623177,0000105
2108251d-6bd9-4980-bbe6-ca4e2cdcefc4,0053b723-18f0-4232-bb4b-31b28ef5b7f7,Mike Massa,2025-07-22,22,87.21562224225329,253.09873301648497,10553.278688511693,2603.4580152671756,55.976,67.44222456148594,59.44693857926361,94.21,0.21400000000026154,374.9999999995417,36.32855159554013,5273.505,171.1657929895299,81.9329400269552,63.73430104472935,0.4786759001079554,-3.7150110958924114,-8.595523628304067,-3.0898777985783825,-4.633512196549294,0000022
9d342c19-5f56-4006-9d9f-81187d9e1324,3d37559c-bdb9-4f6f-9cfe-943a12922c7e,Declan Weisner,2023-07-17,21,87.18681359842014,254.72780635641212,8919.708029202026,2441.3557504873297,55.658,57.59352409214684,101.93170199147178,,0.27199999999984925,0.0,39.19007126406026,5121.676,163.74990317818603,90.97790317822634,54.73473640234913,0.5555905769252752,4.180198161944591,15.347439430356891,4.7030021245172975,3.4749595578915353,0000386
13ebe411-e239-4926-a5eb-a7e7a70f83eb,9925bf35-83ad-4580-8d0b-e6f84788b7b1,Max McClain,2023-06-05,21,86.7068420899526,270.4295691059887,5391.304347829075,2352.891089108911,67.078,54.07466386631848,52.06299688404047,,0.239999999999867,1652.1739130443939,47.06371537725859,5965.216,161.56928455297975,108.86028455300897,56.16195152420605,0.6737684384392559,-6.966177344180224,7.771909876888261,-10.645378168540677,-2.17346034709539,0001217
3682ff46-4a7a-4b50-b20e-19c2fa5929f2,69e88eb0-da79-493f-af1f-49ccb1bddb5a,Spencer Steer,2025-01-31,27,86.62624503087082,238.32854971213882,7033.582089543644,2304.349859681946,64.679,66.13415824549367,59.74066662083452,84.17,0.2300000000002811,2588.709677416191,41.24106981021335,5444.017,141.8573507269152,96.47119898522364,63.059739770891355,0.6800578080083921,-10.069098782959271,2.4439364168672664,-17.13892944564747,-0.6060598003650357,0001173
704cd585-4ebf-4ce2-9218-0ab8d195fb81,d746fdb6-a85a-4a17-a27d-91cf6a42301f,Jake Staiano,2024-08-06,27,86.54527631805448,267.8225086253919,6358.490566035613,2181.4092526690392,63.731,60.41942442668684,67.91723038377712,,0.2680000000000895,322.91666666655885,44.20231787329285,5796.372,156.99825431270375,110.82425431268824,58.93642383103745,0.7058948190083202,-4.936595484392073,18.915756977014645,0.6095598038497144,-11.206479823457656,0001479
0bb8a590-6f3d-4edd-b7b0-c4509b47ea1a,63384812-c7ea-4525-8899-69aa694251f0,Carson Brown,2025-03-21,22,86.30987643843488,260.095556512252,8410.852713168015,2378.5586854460093,58.055,61.66328949860044,69.16482471115492,92.62,0.24200000000029576,499.99999999938893,40.00397532438576,5377.077,157.5910114937137,102.50454501853837,59.002913457724,0.6504466469689947,3.0964344843211955,-20.529131717651918,5.879835412893375,-0.49384909111085623,0001864
9a55ee8e-fc83-4fbb-8ede-16850b15e8d5,fc153b62-ace0-4c86-95ce-dc14aa556939,Chance Stites,2025-01-06,24,86.24149933212132,279.54045502723415,8312.056737578494,2628.4442231075695,55.728,51.27047739560584,65.21962527041453,103.82,0.25000000000030553,0.0,37.229992500569125,5785.673,178.42840969355677,101.1120453336774,51.852357243069115,0.5666813121707078,-14.177227932369597,-24.1768466795361,-17.198337935862426,-10.006835226688475,0001259
278ffc44-9c3f-43da-b3eb-baf7948122f7,1c21440e-f92c-4c16-b450-593b2b0ff78f,Joey Yetter,2024-02-22,24,86.07424666058837,259.5315129667662,5691.17647058128,2023.6416349809886,66.113,63.55702278488779,63.27715893361362,,0.29200000000035686,0.0,49.3605013735953,5511.221,147.72525648340496,111.80625648336103,62.481647308272116,0.75685268142297,-5.160666567499521,-16.65306326588596,-9.310262733700286,-0.13560560484752823,0000251
36e0e77b-82db-40b2-9730-2d48b69c33cc,848078b6-bed2-4f27-b4d3-04798e37f0a5,Zach Haines,2025-06-30,22,85.97013287918611,251.44981917843216,10549.10714286299,2414.357738646895,50.847,57.934670769371635,98.7493923208498,91.91,0.27400000000024605,0.0,38.126755819687055,4673.359,166.07088105205636,85.37893812637591,54.311617976761504,0.5141114299237874,2.7760559744573468,-2.4300629878146904,2.916198013706486,2.582881926822046,0000728
8f843b9a-9608-4d90-ba44-4e039f8e76a5,ba65f556-1bc8-4dc7-b00f-248c9570dfbe,Will Vasseur,2025-07-07,21,85.96085700558632,283.39837466081707,7800.6535947617085,2688.809482001756,54.518,53.46352576050921,60.724890470611385,102.78,0.26800000000032753,499.99999999938893,38.78880404137,5603.34,186.73018733046354,96.66818733035346,50.6381253803167,0.5176891252150682,1.1738696729135036,-11.616361534303406,3.0082048825983945,-1.4105963603367149,0000100
cdb300e0-6757-4c6e-8991-8aa05d0ec38b,d80aa9c7-fd5c-4938-aa83-09c396d56ea4,Peyton Niemann,2025-07-08,25,85.3772655737318,230.54306314129119,8096.428571447441,2318.416126042632,58.893,64.74811301257364,69.35445543177545,82.03,0.25399999999940803,0.0,40.42117991982176,4830.954,141.03105494404292,89.51200819724828,60.51074838310773,0.6346971468997666,19.127529144616513,16.38725036431042,21.407148674951923,16.172664049046368,0001851
8968e423-c932-48f8-8d0c-84f2d75aecef,67f3ad5d-7a69-489f-9f23-3c66943b2f8d,Connor Burns,2024-11-20,22,85.23347820569741,236.04613093206666,9637.93103450522,2449.5425023877747,54.34,61.435255105596994,72.7042228537944,,0.24399999999943134,0.0,34.56781180584572,4904.157,165.6310654659224,70.41506546614438,52.217238377532155,0.4251319960302487,10.887851021141124,5.244087301582831,14.41726168931484,5.205939947586648,0001958
628d3315-8ef7-4caf-802b-567747a031d2,1f6d44b6-3f7c-4ed3-9983-413232daba9b,Adam Wilmore,2024-06-17,21,85.08852859061503,278.4457918951145,7608.843537419183,2453.646252285192,52.009,42.76782557301668,100.26334907579094,,0.3059999999998304,0.0,37.035847447900274,5354.813,155.77594237926286,122.66984951585164,43.985567040285986,0.7874762151474658,-2.414049644011133,1.7238007508891047,-2.47372514126172,-2.347662629510131,0001314
c836a2cb-2622-4989-9364-8e4752b974a7,acca5b1a-f667-4bfe-bb80-86e7acb01145,Henry Rosel,2025-02-19,25,84.94695041274016,227.71227340764747,8651.63934426709,2425.178671655753,60.624,55.0275648124695,53.53471917397409,88.35,0.20399999999988694,194.91525423739617,33.623916325183544,5356.137,144.7066367038066,83.00563670384079,52.53736925812841,0.5736131983617395,-0.7325851321275437,22.37703897265607,-9.089246494129906,10.619379597240393,0000166
729d444e-0458-4315-a6a1-54f53300d15b,57b831cb-8c5c-4fc8-98c4-6cb7fe11fbb4,Ryan Amerman,2025-02-19,25,84.94360340949665,210.52468907337604,7977.272727262978,2192.178671655753,60.614,66.888855355273,72.16568907320702,70.49,0.26400000000032264,0.0,46.10343047741086,4272.708,139.13484453672945,71.38984453664665,62.98282852097611,0.5130982449029929,10.712963459051974,22.73323035648029,11.766513295638587,9.200221708432027,0000327
c6d944d9-b623-4c7e-9e34-85efb4b5432a,92811cc9-49d4-47bf-868c-f9c54a1ccf79,Jimmy Dobrash,2023-04-24,26,84.91664526860087,255.3485199675936,6773.049645393824,2191.469879518072,59.711,55.76628943417961,73.13570469805586,,0.2619999999998548,3100.000000001718,41.85086243280789,5339.382,152.95670074726468,102.39181922032883,55.066924253725105,0.6694170227266745,-6.577696086742249,-1.8570933616620575,-3.784537752526799,-9.889490201386268,0001108
108a8716-1198-4190-ae7d-6e8c7f42dc3e,35a874ea-4a84-4c9d-b418-115cee1837a5,Riley Egloff,2024-03-29,24,84.85052269096923,270.45388233758615,8206.666666671215,2592.0345518867925,50.619,52.982435669784984,77.99324456599452,,0.28499999999984205,0.0,40.58683209742954,4849.286,185.25016242782192,85.20371990976417,51.96777477266586,0.4599387055488368,-1.712209970583531,-8.792088112639634,-1.8434617149359753,-1.5214000322045662,0001941
50458ce2-646c-49ce-9c31-2fd43be0d446,40e2184d-cb1c-4702-84b8-b58a5cb9445e,Jace Nakamura,2025-02-19,25,84.59434761804735,208.436650457701,7299.999999991079,1861.178671655753,65.117,67.46028448495275,70.3082055974667,71.1,0.23400000000028598,0.0,43.79583399390519,4629.819,121.16639937221545,87.27025108548548,63.106389040132086,0.7202512539585899,-3.7630578786464657,11.308019268211817,-2.9304410275082753,-4.746143799974947,0001676
dd106b2c-45f5-4850-b7c1-c1ee8089548c,47b91cdb-5e21-472e-9ce5-a3a8e59b9b43,Jaret Mello,2025-07-29,23,84.40917134876479,217.06689762670766,10018.867924516055,2707.0047258979203,57.572,51.382962178280614,40.79840870240899,87.06,0.1720000000002102,4916.666666660658,31.489831426746157,5012.183,153.39244881340863,63.67444881329905,51.96341819588725,0.4151081054241115,-24.28299531896407,-18.510875059784517,-22.022970134446503,-27.898557972583227,0001268
d91d8e1b-394c-495b-9722-f3c7072a08ae,931e0e50-88ce-484e-b07e-5da039a95c1c,Braden Williams,2024-07-17,21,84.21215991523036,210.49586337410557,5427.215189876426,1855.8680555555557,71.528,56.02556929077206,54.8394407275251,,0.2559999999998581,0.0,58.831325015020475,4436.196,132.4444316870377,78.05143168706788,76.20637955317757,0.5893145577573327,12.803174968440048,19.845953230045115,7.543219128721739,19.45900011819375,0000870
ca666c8f-12d4-4708-8d34-28e67d0b3eb0,0580f0df-a5d1-40ee-87ba-61ad58118286,Parker Feagans,2024-01-30,24,84.12984200329163,254.23000461229478,5850.694444447688,2156.632673267327,60.039,56.69639356734893,65.77688018895368,,0.2559999999998581,2125.000000001178,45.39895877125806,5121.9,159.69550230612936,94.53450230616545,57.17752993864385,0.5919672184940243,3.764591629980009,13.399722819564113,5.845723606973069,0.9413040911630245,0000515
a2117673-695f-4920-a4c7-a36087439dac,5524f1b9-82d5-40c2-ab44-fd1d340eb10a,Joe Quintana,2023-08-08,22,83.31326972485626,250.00990938297232,4262.8571428519335,2061.440888888889,64.642,51.86059891193388,52.468357136175264,,0.26400000000032264,1141.1764705868407,45.16069194720978,5422.78,145.7574546915115,104.25245469146083,54.1495107280031,0.7152461252297938,3.615586126955443,8.09361871121431,3.5446217436267378,3.7003213525111995,0000092
c04e2f29-8b95-422d-a5de-7cfeb83cf9a8,211a268e-c0a4-46a9-86c6-f9622acedae7,Brady LeJeune-DeAcutis,2023-12-12,22,83.101378059859,268.1132213642615,5415.384615377997,2217.1813773035888,57.392,49.7710836667275,62.05544408847536,,0.3160000000003862,0.0,42.62277949162956,5323.656,148.3856106821483,119.72761068211332,50.741404156639845,0.8068680657895981,-7.228803644936834,-11.301925864497324,-5.6284266090168265,-8.972735109358222,0000422
05510242-426d-442d-989f-bc6ccdb18db4,28d1dcfb-a1fe-4ca6-9042-59ff8baa353e,Carlos Lopez,2024-07-19,21,83.02711837770765,269.3102126766746,6079.787234045923,2514.1561618062087,53.774,40.82824164680277,66.43401216709759,,0.3259999999998193,0.0,35.91705150049125,5467.749,170.5925903485112,98.71762232816359,40.722280612824434,0.5786747368481184,-21.40959064089338,8.853285490327112,-17.602219952290564,-26.00925099112435,0001722
d46dc30d-33e3-449c-93f7-9a317a2fe79c,5a66bad4-0ab1-4e29-b459-edc5cb592c55,Quinn Oliver,2023-06-22,23,82.97171414669685,289.3930299311051,4542.92929293181,2214.774500475737,54.111,43.774645693353854,82.04913292434662,,0.3599999999998005,0.0,43.259826043447795,5354.8,167.95051496553975,121.44251496556548,41.51614783442589,0.7230851003373414,4.364643355982707,5.235563890861575,6.415668855832971,1.936585936898571,0000238
22658d55-2246-463a-aec1-410b3e87a9f3,e3070ea0-148c-484f-a45f-e59fc50ec632,Ryland Hixon,2024-08-22,21,82.71878828609425,178.79180358964987,8592.2330097135,2273.1225099601597,60.082,59.77745884612072,53.61107439276314,,0.18199999999989913,8615.3846153894,33.26252483546532,4230.357,132.46426551134095,46.32753807830899,60.92037515656366,0.34973611863905024,4.990575975657232,-20.400155411439453,1.513266557795433,10.860674573504092,0000108
55f5dc34-85f2-4185-baa6-8f664d2ef996,d3ecbd4b-4eca-4175-b249-ba160c8f6b7f,Carter Soucie,2025-01-10,24,82.4704289363305,223.73047637183487,6558.593749991985,2120.443327239488,58.868,55.8283220060364,60.58724978938299,77.91,0.23200000000028353,4142.85714285208,42.310121876477076,4586.389,140.150238185952,83.58023818588282,56.114219995259106,0.5963617277266997,-4.7125187959023656,-13.37841038759698,-5.932958539445864,-3.0672258867290183,0000905
55ebc1fd-fe6a-40a1-8080-5d3c14c89d44,2bb1e220-3e25-4f47-889c-8b83d144311d,Noah Wehrman,2023-07-25,21,82.3996853251536,236.4586922997036,7243.150684935521,2375.651252408478,53.249,61.06627459474642,51.03595603324722,,0.22400000000021691,0.0,36.85570389099628,4693.885,158.21084614985847,78.24784614984517,55.33889473122798,0.49457953139147137,-9.488556363587303,-12.493726198709556,-8.482219377023204,-10.935763672279581,0001871
5ae6496b-3f7c-4169-8aad-93c4fd337b63,36ee9d9d-8c80-4c6e-9813-cf07cd195a00,Spenser Dexter,2023-04-17,26,82.16151676608683,250.3677362057981,8339.041095895032,2574.9666048237477,47.643,51.10425963812958,61.68965188850012,,0.24999999999986144,0.0,31.367683256772253,4783.321,174.66398915804788,75.70374704775026,45.85918604793807,0.43342504320823877,10.080356482178289,8.211051701178794,5.792131281825308,16.1121475439332,0001811
f4d7094a-8e25-4339-8683-458a65acf3d5,dc53519b-7235-47d0-8d97-b7d5e12c021d,Evan Bunevich,2023-12-14,21,81.87535766915283,227.26385773334735,8151.639344252334,2033.3600386100388,52.224,51.62792614589643,88.45097271095757,,0.24600000000030064,113.33333333319483,33.59790822779319,4613.967,136.5429863555917,90.72087137775567,49.99688724367876,0.6644125326327351,9.807162996994624,10.895592852258911,11.599665566908708,7.568951598404397,0000797
be8b7e39-040f-4499-9674-a7609855ab5b,666f3726-9ed7-4c30-9914-f45981263cb4,Elijah Borjas,2024-07-31,21,81.69192384948911,256.86280823570047,3840.6862745051108,2228.715898400753,60.262,47.53655822058211,40.272297419556246,,0.2480000000003031,3285.7142857102704,41.30761626720233,5456.097,162.87790411789234,93.98490411780816,45.09565094667232,0.5770267282527232,2.1475810279829237,5.354779015732275,1.638343019997462,2.82465002067234,0000795
606ec727-e0b9-4f81-b7f4-28f6607a70a8,2dbe54ec-bd47-4210-ba07-ded269085e2a,Nolan Archuleta,2023-05-08,21,81.54717511464513,256.4644255458841,6760.355029577537,2479.837656099904,48.818,45.44716391363579,67.85875762885048,,0.306000000000374,0.0,34.249569286666805,4847.121,168.28157739539117,88.18284815049303,42.28341887237648,0.5240196194696958,-7.386169898314419,-0.4420639636149745,-4.191114554895132,-11.471996612379323,0001019
67f6145f-fb11-462c-abb0-53b615ef6361,197c587c-820a-4e02-8e8e-e162a68a32c7,Jacob Cole,2025-06-07,24,81.52457947486532,213.1353507316659,4217.647058825867,1786.657822506862,66.356,60.25298421256503,42.70553557230942,71.28,0.2599999999998559,708.3333333337259,45.217406972220665,4729.884,117.53817536582689,95.59717536583906,59.34042909743533,0.8133287339904804,13.026053307465551,11.22302871615554,14.048863762531052,11.869495546222323,0001332
21cecc99-d6c2-4dde-8c04-e62027997bdc,5f3fcd40-0e28-40bc-a7df-5c17398a5d85,Evan Bergman,2025-02-05,27,81.4321296962157,241.86563200063117,3865.497076025534,1897.9671361502346,61.123,53.18392014669738,58.44739620234794,81.27,0.2779999999998459,870.9677419359666,45.43247904988792,4967.463,137.63833530965607,104.22729669097508,51.27819305859266,0.7572548480515005,-5.746771696218857,9.63863821983645,-2.6532488677803294,-9.179008381186442,0000903
a7fae704-382a-4c87-a492-a2811ad6d583,d23a9683-22f1-4673-a1dd-2eefa6d0654f,Logan Faley,2025-02-19,25,81.36281825932988,208.57056589106867,4201.807228917992,1757.178671655753,65.248,64.63211653739732,45.5801468056847,70.28,0.257999999999857,1335.2941176477989,44.7085620262876,4585.616,112.96681563587379,95.60375025519492,59.7708048480112,0.8462994173736359,-5.574386794340779,-17.024756492468555,-11.200367866072336,0.9212660342480136,0002010
3e7afa6f-005d-46ab-8f3a-30a71911c576,e65dc58b-b90c-4b4e-b07b-3c1ac2c11808,Thomas Blomdahl,2024-05-02,22,81.29129644097331,239.86122879625418,8622.30215827816,2509.630268199234,45.137,44.96517620699513,80.2842287963425,,0.2779999999998459,0.0,30.854421841526648,4400.435,166.51203443840208,73.34919435785208,44.204042752928004,0.44050386271021275,-9.055071608826676,13.786910386114398,-4.868677325900913,-14.778929586958478,0001176
def36a0e-f006-4a15-9f8b-c841291677e0,d29db125-758c-416d-b935-dbedd2db3ebd,Trystan Chadwick,2025-02-19,25,80.64272437365797,227.8052670714192,5286.98224852364,2005.178671655753,58.754,54.176359551799244,45.58195199361925,77.38,0.2859999999998415,1000.0000000005542,43.73817919137726,4546.411,138.01629344104046,89.78897363037872,53.339242916343295,0.6505679249293556,2.5337986243458275,10.80572214176418,3.754759176624728,1.0052202736469613,0000786
40527897-af08-4579-a79f-3d6d4417fed7,da8888be-b3f6-401f-9a10-e75d0fb1bb4e,Javon Purvis,2025-02-19,25,80.59555191378232,232.18996245797618,5925.170068019969,2147.178671655753,57.199,46.21324015859305,46.597722985848456,84.31,0.24200000000029576,1299.9999999984113,38.456676516198556,4822.477,151.1816012188752,81.00836123910098,46.898385995306775,0.5358347880032044,0.06898170929456865,3.834752302425555,5.3127198256346,-7.0892673146548795,0000995
fb1f9ba6-afd2-4aaf-b99d-617546d64957,9e774c65-89ce-4c44-a999-e9aadcdb8f67,Colin Kersten,2025-05-28,25,80.40134936308284,192.3327231243689,6668.000000003695,1978.50468164794,59.792,55.60755705434984,47.552887286958615,72.05,0.20599999999988583,720.930232558539,36.003024064561885,4307.985,127.78942601301905,64.54329711135003,54.38523272595444,0.5050754129279399,-8.382096143235175,2.486567766820933,-8.95881198812216,-7.540825361174266,0002034
64491f63-728c-421f-9792-641491a0a5b0,6bcccad4-447a-4a6c-b771-f057ff371fc3,Tyler Freeman,2024-05-10,23,80.10606495484711,208.38353218225475,3472.727272723029,1915.857,64.227,53.693962565169784,37.69560008504604,,0.23600000000028842,2472.222222219201,41.05162057681898,4718.787,122.1947660911493,86.18876609110536,53.45263095933439,0.7053392616408315,-0.793156663586035,13.549631405942556,0.03343437631746777,-1.7845065843704666,0001738
8ae1a7d2-cfa7-4355-b877-c8dbad576a29,3fb86b80-28a1-468a-ba6e-74c35fd6bea2,Colter Couillard-Rodak,2023-07-18,21,79.97651706883012,220.0021204381784,4709.677419357449,1901.1749011857708,59.015,51.68582923167866,53.65622052255929,,0.2599999999998559,1034.246575343039,40.68989724739345,4604.944,131.73306021907715,88.26906021910128,49.62182591148293,0.6700600447018117,10.185953090486358,8.62577946120591,9.173772183437098,11.417798972245238,0001191
82a42b05-0c46-404d-9402-7deba3a9507f,168eec62-553f-415a-bf26-68300440cc74,Tyler Smith,2025-06-02,21,79.90272416176023,230.04480365966745,6557.142857146492,2221.8684461391804,49.238,46.199153688198045,73.39554009892976,90.11,0.24999999999986144,1875.000000001039,33.59805558367818,4436.841,146.74671061517702,83.29809304449049,43.747468207938546,0.5676317560734171,-2.858852267740619,26.824824795423957,3.569546064310452,-10.879949191276546,0001340
f0ccaee7-5d08-403d-9900-1ea08e53a0d2,40216199-f55c-44e4-8bd3-f070febd75e3,Cristiaan Herkemij,2025-01-17,25,79.89102735498494,232.72898250811022,6531.03448275064,2131.786473429952,50.302,46.36297578091309,71.8885657197738,87.95,0.288000000000352,999.9999999987779,35.59004551783222,4424.084,144.3319912540894,88.39699125402096,44.82373490905381,0.6124559807285025,0.8245438933471164,3.232917714598887,2.426801339253194,-1.2216922512168165,0000336
1293bec3-bd2d-4fce-8ff7-78118fb31ff1,24cbe187-5aa4-4206-a3ca-0199b177f759,Jack Brown,2024-01-30,24,79.84289776610314,222.37935531670837,4282.722513091379,2048.632673267327,58.359,54.765129552889356,40.390414924096405,,0.24999999999986144,2307.692307693587,43.04434770188957,4486.655,144.36248023706855,78.01687507963995,52.365386498678134,0.5404234878170736,6.682908890404675,37.4415267071355,8.432239733417047,4.2251894869674524,0001985
722222c8-f435-42ed-99ac-74ed9e97c9cf,d4ab262d-0523-4a42-a857-11cffd9203c4,Aj Ott,2025-02-24,27,79.65735984721199,207.4610478026702,6091.60305342767,1960.267354596623,56.811,48.48288968111596,58.531010880386695,76.88,0.23200000000028353,1499.999999998167,36.7493082256348,4367.65,129.39952390136645,78.06152390130369,47.35735596081171,0.6032597458457833,2.306161216834834,-11.345529714110555,-0.4176001781980538,5.766815205569483,0001945
ac48e54a-7bf3-4fef-bb87-aae630c91c2b,62134a78-b2fc-4146-957e-dff1edd3e858,Aidan Tocchini,2025-01-08,24,79.51121363514008,230.63450018599855,5298.469387755062,2103.68698,53.553,47.074222030517056,57.12184833200241,83.21,0.3159999999999954,0.0,39.38474346146138,4456.165,144.99175009299944,85.64275009299917,46.22622472002527,0.5906732627067877,9.199658797457575,-14.201100033814706,11.399908814958149,6.3151098181069925,0001786
1fb89c1d-93a1-4e92-920a-8919a59e724e,836e03d0-0ef4-47b4-82c5-ffdf65faa268,Jacob Walker,2023-05-18,25,79.32741414549803,271.8707988035604,4154.761904756827,2070.148245614035,50.919,40.19131922769139,64.14361481797323,,0.3440000000004204,499.99999999938893,38.32764830008433,5060.337,155.62889940180426,116.24189940175614,38.95086209353403,0.7469171847167128,-8.571461223733458,-11.93382584441388,-9.848793397953498,-7.095840637401551,0001954
81d6a454-1040-439a-8082-15f7d32605e9,d5642504-ee4e-496b-b89f-cfe9e02c6d1d,Andrew Messerli,2024-01-30,24,79.151360961189,205.56686923467217,4313.793103446836,2044.1479289940828,58.356,48.37588115386231,48.67134778830032,,0.2360000000000788,3604.477611939093,36.03110852818554,4512.066,119.4349346173417,86.13193461733061,49.49328094529328,0.7211619857564224,-3.3053452772016643,-23.87084070918887,-1.5590352040968918,-5.3432204462633655,0000417
faefc503-d401-4caf-b662-605442ec8225,0034d806-1f1c-4b2c-9d3d-8aa53be526ab,Brien Kenny,2025-07-03,21,79.06462041733414,212.1659734602753,5615.894039728236,1788.855577689243,53.55,54.22685184006626,73.4620810302412,77.04,0.29600000000036175,0.0,38.61170772357553,4125.505,120.38098673015516,91.78498673012017,51.482276964704454,0.7624541817044954,-2.8275195618476903,-7.123127312288004,-0.010960070616584433,-5.944370536219736,0000187
72efd5a7-7100-4d85-b2fa-1497d759d02e,5f8004d2-cb80-4666-8dff-efb3a8108b75,Logan Antonovich,2024-01-30,24,78.54512118499323,211.77925388762526,5031.24999999832,1979.632673267327,55.121,52.63416951445327,45.549312477005316,,0.23400000000007815,3592.105263156698,36.07254480037974,4374.915,132.020348081054,79.75890580657119,47.33929763827781,0.604141005275968,5.611169322245544,27.553688633928637,9.216573729352547,0.7327628617041482,0001657
35bc3511-1c93-41aa-b7c1-27073aac06ae,6d16635e-d718-4026-b864-cca1ef2c3001,Ryan Fletemeyer,2025-02-19,25,78.37197331622252,211.3107241449201,4058.6734693900044,1769.178671655753,57.896,62.456553968024345,35.36562206903549,71.65,0.3019999999998326,1000.0000000005542,44.661285369502124,4148.256,130.9798298732903,80.33089427162994,54.86644394290771,0.6133073645716439,-8.435155103848139,-1.45562420458997,-7.64670696416045,-9.421890313796776,0000812
8b7becbf-d911-47cd-9d51-b26993e87dfb,32b04d7b-f2a5-4639-b606-b0ed02d2c532,Jaden Scott,2025-02-19,25,78.2996558947089,221.70937502571937,5173.410404617955,1978.178671655753,50.739,42.63117283024077,75.67389819898321,84.66,0.3560000000004351,0.0,35.013814136220475,4295.554,136.7786875128913,84.93068751282796,36.702111253855016,0.6209350963747425,-10.19824377528514,-0.8131469274540442,-8.844230570052126,-11.828085506167787,0001392
610862b5-7ae5-4e68-9571-991b4a19796a,330c8137-4fb0-4a52-b9f9-bc0c95e58633,Zach Siracusa,2025-02-05,29,78.2789711494176,230.58375113162526,4023.437499995083,1873.3516791044776,54.834,51.52106604845006,47.8784414481779,81.48,0.30000000000036664,1124.999999998625,40.54732067842892,4467.895,137.49987556583977,93.0838755657854,46.71350308569051,0.6769742531236952,5.0940594818818425,1.9454602441401458,5.236820231087578,4.9212415799225635,0000718
524c94f4-f490-45a6-aa62-d3e17126f6c6,ad616493-7d63-49bf-9f90-1067ecd764c6,Owen Schermerhorn,2025-02-19,25,78.05016520705021,209.08211585942934,4334.302325583798,1734.178671655753,56.785,57.738203560094576,45.42718131355384,74.86,0.2859999999998415,0.0,40.08270183462576,4250.96,118.43950507705127,90.6426107823782,50.737597259048066,0.7653072403790467,10.89005909248649,2.1803555669287262,14.16692062352371,7.031117108877967,0002009
ca18fb12-98c1-4dea-ad14-8047dbf0ca4c,94e62ed7-f2b7-4c94-95c4-b4e55fe1ce15,Alex Alva,2024-05-09,22,77.48385560749132,192.0804319628645,2444.7236180874643,1684.459273797841,64.811,47.18391640062585,32.01105273157984,,0.26400000000032264,1916.6666666643243,41.80166956673316,4355.325,110.28671598144969,81.79371598141493,47.50189723486599,0.7416461289424259,18.72300342115766,17.14889354705568,22.00810193783255,14.72624631653007,0000641
d93eeea9-e575-4721-9a9f-b59fa60ddf89,64a20a7c-d42a-447c-9601-b43876345782,Nathan Aklilu,2025-07-25,24,77.40333362902503,226.21633225917526,3602.8571428591395,1868.1996142719383,53.931,41.4347162912766,59.05272997014569,83.71,0.3099999999998282,1107.4766355146326,37.419941582505345,4514.605,125.65288118680881,100.56345107236662,41.21138940806838,0.8003274586506169,23.363527740139187,25.902883449468224,27.164732713581813,18.973857021456165,0001183
81731cd5-6788-41ab-967a-0756a8a1098b,d41d6624-afd3-4528-87c3-35fd337f8481,Damien Ashley,2023-08-28,22,76.73975013423978,194.13650701893053,6907.142857134416,2000.5762376237624,47.578,53.116265832187004,52.02266921471718,,0.2480000000003031,0.0,30.893197990898184,3751.982,127.11375350950192,67.02275350942853,44.90290405648318,0.5272659461229621,-11.648487877108618,-16.727652279575402,-12.582683370705306,-10.354519855469386,0001023
834ede68-9e4b-4b22-ae52-dc67ce0e049b,aad71b3a-055b-408e-b1d5-eef073fec572,Owen Best,2023-05-31,22,76.66712770106963,248.007871668403,3900.943396225113,2124.9276511397425,45.462,38.28004508696931,64.16935995927228,,0.3100000000001035,1749.9999999994156,31.84263353723984,4509.417,152.48772979657124,95.52014187183171,34.611558192640445,0.6264119873727672,3.6642177094698942,8.499265936640409,5.186721449719828,1.7702799457205347,0001817
f8af9bfc-660b-409a-9f0c-1b52790973ae,e552c095-932a-4656-bf2f-7d471dd020ed,Ryan McDonald,2025-02-19,25,76.16114102485426,180.27959356970743,4375.796178346374,1612.178671655753,56.38,60.11219132649729,37.42574191188573,67.48,0.2619999999998548,921.3483146072522,36.2684735530007,3804.521,102.40737085519113,77.87222271451623,52.86949497524898,0.7604161894228417,9.639851651907263,1.2167186880025258,8.095399605709948,11.371210441104326,0000490
2f559a1d-445b-4681-bdfd-3d2e396e5c57,b801f777-f043-4623-aca4-8b1dd7025ca3,JP Perez,2024-05-15,24,76.14072517065539,165.5362968212932,5903.999999992785,1963.4647495361783,55.675,48.752096043637565,27.639592884078432,,0.19600000000023954,4218.749999994844,32.377839963686704,3636.682,123.81864841069677,41.71764841059648,49.50740055603537,0.3369254061974761,-10.62559217039836,-43.28109085773527,-12.86872803358726,-6.483334988863057,0001943
68c0f23b-eeae-4483-8562-4762f389a82e,bfd340c4-42f5-440b-baad-f53643dfc55d,Cal McCoy,2024-06-13,24,75.80856569049126,194.85016595428755,4468.152866240546,1764.55136663525,53.614,45.05709918183322,47.62779348148438,,0.29000000000009685,429.2929292927859,34.47906537577326,4011.373,101.18376516350976,93.66640079077781,44.77800698150876,0.9257058248367797,1.827396453345037,10.41366436498531,-1.1442076334773283,4.810948709736216,0000858
a6aed7e4-01c6-4525-9172-f980abdae5b2,9b7abf22-b978-442c-9171-23be3546fbfa,Cole Miller,2025-02-19,25,75.77156460897909,186.74450333488866,3559.322033893955,1455.178671655753,56.689,51.091160644001825,56.912954838206055,66.08,0.306000000000374,330.50847457586724,40.65420944153457,3745.994,102.52259642779974,84.2219069070889,47.38252848657912,0.8214960393282774,11.028451422386617,7.2720619556724415,10.441917532847587,11.665051211400113,0001463
e531b721-7c40-4047-9c5d-705e286aa483,8df26f5d-1d6f-4e41-bee1-0fa1a5290cc4,Mikey Blumenthal,2025-02-19,25,75.45078319416587,185.9492994804255,3454.054054055968,1788.6522961574508,55.704,52.59816741068513,28.815520723240905,68.51,0.23199999999987142,3388.8888888907672,37.18601266553087,3816.301,118.99264974019833,66.9566497402272,47.43113860401974,0.5626956781483267,14.066371984541833,15.688333868773514,12.182815437802406,16.566631026352074,0001059
34b15ea2-4959-4aa8-a31c-3889b4771481,9753139f-e82a-49a4-b408-be706c3de8b5,Joshua Byler,2024-11-05,24,75.09341169746777,180.80890743759298,4463.576158934942,1594.7700483091787,53.342,46.96302057273182,56.264907437440705,,0.3020000000003691,0.0,38.77501234656233,3490.69,114.90743084651722,65.90147659107565,45.0872236587383,0.5735179709926749,-2.6743005457849818,-11.14172706973357,-6.7122947129250115,2.7231825437410375,0000648
1badf3ab-ec72-4750-9035-70feb3202604,8faa292d-b4d9-4c82-858a-bc34bd846b6e,Brae Smith,2025-02-19,25,74.49511852606699,194.24228456478258,2964.9999999963766,1645.178671655753,54.893,45.55712249715544,36.142328062345356,72.91,0.28600000000034953,981.481481480282,36.21626720109621,4002.27,104.60796646224473,89.6343181025379,42.01423109170759,0.8568593878066529,10.917191635355096,20.69605144564274,16.236419211179367,4.871811948467744,0000329
89757331-001d-4447-b0e0-15a56682f9a3,c76a46ea-bd1a-40b1-be47-17da46de4b2e,John Drobnitch,2025-01-06,24,74.37974339320543,158.6865381112067,7083.333333337259,1978.3189493433395,50.223,38.946830705684114,36.37758835390105,69.4,0.19599999999989137,5960.000000003299,26.329255417320145,3485.455,119.24026905558118,39.44626905562539,39.53341654254465,0.33081331808500364,-14.682619452306476,5.02033433259127,-11.47234109708806,-20.050373109879153,0001784
b9735295-582d-4fec-8f54-94a0da3f3074,908af63b-c4a8-420f-901f-9bb31a5ee952,Andrew Buchold,2024-01-30,24,73.96247926921163,189.15125918438272,2765.5502392335266,1609.147928994083,55.34,44.25250812501478,33.16640964453772,,0.28400000000009484,962.9629629626414,39.95587354255173,3749.275,113.3711295921976,75.78012959218512,44.39541504726487,0.6684252848566522,3.5613027604325347,-6.719482255468965,2.3413681878544503,5.030530684076607,0000084
6f161f29-3313-4ecc-87ec-a183ef048eed,eb46d93b-39e0-46cf-8f1a-2f17c93bf30e,Caleb Waziri,2025-02-20,25,73.72601208841773,158.66826731020328,6192.3076923001245,1645.6522961574508,50.941,44.046504795508376,46.014947455712296,63.15,0.21600000000026398,2472.222222219201,32.56426102270858,3216.947,107.55113365513611,51.11713365506718,42.29124808138803,0.47528214643440975,2.602331689639213,29.51831572165924,5.80100884134331,-2.271170179415765,0000091
9bf1d053-ee35-4146-a59a-ef2f9a5c49c2,2e900150-e5ad-4587-9841-b4828a06912f,Otto West,2025-02-19,25,73.71612204085537,223.7284486255409,4137.566137563608,1813.178671655753,44.917,33.58205049900176,57.86275900705237,91.67,0.34200000000041797,499.99999999938893,30.497435775279406,4117.536,132.12952124663946,91.59892737890145,32.37519721365433,0.6932510351560148,-8.63865248090821,-11.039075406561368,-6.8118847223049395,-10.710124281788637,0000420
4d1b3530-072c-497f-a5f9-0c6049cbe1c0,d1d34186-aed7-4d6d-a507-7d522fcf8be9,Houston Bearden,2024-01-30,24,73.65330506510625,167.2678975806797,7122.340425529536,1786.6326732673267,44.991,39.35094945246271,63.885406492278754,,0.23800000000007948,3045.454545453528,26.705833632438782,3280.259,119.76231896858458,47.50557861209509,38.48102828880384,0.3966654872853331,11.064696094652865,22.150020459642498,11.699374070741934,10.08447242607075,0001382
5f8f5165-636e-4204-898a-bd9729e2dada,fb258b85-4f0c-4975-b989-36d9bbb3ab74,Ryan Casados,2025-05-28,21,73.60175031735392,156.82306124830777,7329.896907220557,2090.9361296472835,45.166,40.1479390561002,41.31548323754999,,0.18599999999989691,5575.000000003101,23.36985478143067,3303.442,120.08935287548348,36.73370837282428,34.06684370472831,0.3058864711421353,5.376115480425131,0.04557709998634741,-2.153669291324215,17.58810714615393,0000246
29998b41-47d2-48f0-b3ae-07b7e0d136bf,6372eddb-42b4-4d0b-952d-ab57d6367a4b,Jana Van Gytenbeek,2025-07-03,23,72.80707133634209,159.741510166689,6804.1666666583515,1726.306005719733,43.911,44.5539963514058,59.159106612808245,70.31,0.2480000000003031,0.0,26.356957176404467,3087.378,106.8682550833775,52.87325508331149,39.575010775333716,0.4947517393454242,13.704879517545349,5.988662915027187,10.554231386265513,17.91478248185509,0000063
ab5a9d94-5061-43a5-a559-30f967c1d3ce,ca82034e-8be9-453b-9ebd-43cff6ad9285,Christian Tsakalakis,2025-01-07,24,72.00032870678379,214.05261231791846,3173.366834172613,1972.747680890538,43.804,31.146921542906167,37.17999898141356,94.39,0.29199999999983817,1033.333333333906,26.055691342884355,4134.652,135.4283061589435,78.62430615897497,30.227020119372153,0.580560359860801,-0.7045027807721279,3.3546227362828542,-3.353401842466914,2.678652835295263,0000513
f06b9104-3925-47ad-90ef-d71a915e441e,a77ce939-87a7-4475-a33e-008167912711,Davis Bryant,2024-04-13,24,71.99143407308499,163.60668995366612,2933.628318584394,1469.871052631579,53.515,46.77085319096236,30.346780837101967,,0.2559999999999718,1703.6423841061478,35.195806018700665,3333.966,89.3305949768323,74.27609497683397,47.62625983586541,0.831474311752847,-5.070718606155698,-6.594006946493009,-9.406230327468602,-0.07390714148004253,0001098
f98d3b00-fae0-4724-86c8-096dd690ddf2,ff3ece66-417b-4c86-80b0-1190da52bd21,Miles Vosburg,2025-03-07,25,71.5672663518597,152.38912790041127,4835.329341320045,1613.178671655753,45.312,52.9257778351662,44.45324122599688,63.37,0.2599999999998559,0.0,29.479768960440854,2871.416,100.99006395019191,51.399063950219414,41.17286167661619,0.5089516922731064,5.830123039120661,9.422443650852268,4.770743552281139,7.268299522440352,0000298
22d3bf25-50e4-4a56-940f-9c6f8fb66423,a7758233-9da9-48ca-a468-d10a96bdbf90,Van Lenertz,2025-02-20,25,71.53832862360828,147.73545242574775,4003.333333328441,1403.6522961574508,51.108,46.808641203883056,44.139786847289216,59.6,0.26400000000032264,464.28571428514687,31.454864903907684,3046.048,99.90722621290567,47.828226212842,41.497183250487126,0.47872639473463546,21.07774220279576,31.021618815259977,20.289537218223987,22.182630564707395,0001957
c574180e-ff39-4745-ba41-cfb422074182,1ebc8cf1-c414-4d8e-910c-20fc66f77438,Ezra Kathrein,2023-08-28,21,71.02795344959941,194.4108055346116,2690.1408450671347,1793.110258868648,44.445,34.39737189912926,41.79375452209518,,0.25600000000031287,2259.999999997238,27.7520302476784,3717.375,120.16190276733387,74.24890276727776,28.146075301870674,0.6179071823708038,-20.94932668696014,-30.51944727181067,-22.331525868179426,-19.182292497067316,0000997
0064bebc-ece9-48e2-9be7-046ae66d562c,bf468393-41e7-4e6e-8130-cd678d7f84f9,Milo Miller,2025-02-19,25,70.99222361671077,166.2504250450267,3387.8787878806656,1497.178671655753,48.282,49.28907565214659,32.095781306380744,66.12,0.2639999999998537,1038.9610389616148,32.167011963147075,3192.426,95.13371252250671,71.11671252252002,43.7051792977784,0.7475448044319225,4.590879602235309,24.481591581511104,8.406149220431638,-0.0022182125926625087,0000594
3d74a83d-bc5b-413f-8345-7c47871d39db,1f190d41-2e23-4cb0-9716-61de0db02942,Kade Rogers,2025-02-19,25,70.7738150801795,136.6614112888626,5434.782608698664,1567.178671655753,41.529,46.40646874997427,72.59219806294766,62.41,0.24999999999986144,0.0,24.21705900925013,2591.839,94.78505999926088,41.87635128960168,32.637545834586994,0.44180328935729135,0.1331742506606757,17.404111208931504,2.9582130935107496,-3.9046626041047263,0000377
33bf96bf-898a-49b1-956c-dd657d016e55,75d83734-b681-48c2-818c-3c3050b514fd,Test Test,2025-06-10,26,69.96298017663452,137.88053498844062,5042.857142855459,1535.2243713733076,45.555,45.2931112460719,38.195379984538924,62.0,0.21000000000007013,1062.499999999645,24.902508008636417,2824.385,94.67705542285563,43.20347956558505,39.27840379909795,0.4563247068957265,-5.739807585871937,-5.565289060560382,-3.6267134359772726,-8.75839741384911,0000256
48e1d197-80f8-4908-be2f-e6e1614c487e,3e24108b-1591-4480-8fcd-c09685379b5c,Rachel Saborin,2024-06-03,23,67.22885598466351,172.04511672526436,3320.652173914884,1611.0455896927651,39.263,31.599797744547697,30.039740974920925,,0.2819999999998437,1428.5714285722204,24.532256436074398,3084.501,108.11692319692717,63.92819352833721,29.62832902909178,0.5912875768014284,6.485314147514501,-7.642903923412956,5.216604913973034,8.043254716273868,0001565
41c22d70-3c40-4db5-90c1-360a2bdde11b,9286efd2-52ee-4d3e-a7f6-9450dc32906f,Kaitlyn Merritt,2025-07-21,28,65.41954898731021,121.94702470657144,3698.529411760186,1199.013875123885,41.629,55.16328184381741,9.41018149685987,55.8,0.2940000000003593,1169.7247706407722,24.450331514457794,2322.88,58.981209548159356,62.96581515841203,43.661306275764126,1.0675572040786847,-5.024560183857014,-3.1768632021228234,-5.145517296331489,-4.90772834325088,0001709
7195d795-f695-4f67-8052-5d2140fd8e60,9d6e03c4-609f-4906-a9df-d4925ee0055e,Marisa Carney,2025-07-22,29,65.3757579855215,172.57345246866632,740.0000000004102,1609.470238095238,41.175,17.982112752571155,24.43475082141495,77.78,0.4279999999997628,1446.107784431939,25.04171408843076,3202.609,65.30072623434475,107.27272623432151,18.46734077318926,1.6427493600814151,-8.981300118587667,-23.942208647262422,-18.2762526733189,-0.35411583769312044,0000754
db95a017-372f-42f3-a9d9-26ff1eeb955f,c484496b-1088-442e-92f5-d1ddb2ae85e3,Joshua Evans,2024-01-30,24,64.07703112269256,143.73785294850964,2012.3456790116743,1481.147928994083,37.862,21.3492276319649,34.840539828094506,,0.26000000000008683,2451.612903224988,21.712904818774586,2639.394,87.77242647426012,55.9654264742495,20.8377205554389,0.6376196799192028,3.1704324687099295,9.402906910927685,7.119980849428598,-1.836636106933487,0000148
ac32a98e-0144-4460-838d-511984b09585,2c2ac401-7407-413a-a2a3-23e62462c608,Kyla H,2024-04-02,21,62.062704539928816,106.24160055699402,2833.8658146980565,1144.3201001430616,38.495,32.43549487498203,21.51803368476638,,0.25899999999985646,705.8823529415677,22.281528352233227,1955.551,75.42460413841313,30.816996418580906,30.315004560878336,0.40858015458759384,15.515071122899753,-5.789949348618182,9.342030531784651,23.85038987025589,0000539
bd04b500-ea5b-4e4f-9375-7771cf85d3c5,dc604b38-8c5c-45a4-a8e5-9c5f763ae83c,Joseph Pauly,2025-02-12,24,61.525552734477515,109.92692498607647,1050.200803211568,1027.771456123433,43.102,25.97603984255143,13.956928772486819,47.81,0.3560000000004351,820.8333333323302,27.12533894131004,2060.703,53.31196249303622,56.61496249304029,26.698168249288276,1.0619560760014324,9.987572134115233,-15.89076463303257,12.730208010607052,7.230970711664147,0001401
b8f9f929-ad37-4574-ac23-092a0cfe796d,d5737eb4-3627-46df-91d5-946601bdebfb,Armando Barraza-Gallarelo,2025-07-23,27,55.67121492483383,113.96536448142555,445.18716577485696,1463.5164410058028,24.94,7.243761916941759,9.995082822352776,82.75,0.3940000000004815,1753.9682539661103,9.672060229399584,2063.821,71.65116608722491,42.31419839420076,7.725287723153166,0.5905584054652977,23.002877274809983,12.160763729605994,16.921805079848674,29.441557485015284,0000609
eebbbef4-15ae-4976-aceb-61e9fa566248,4dab3d27-7674-4a2e-b20e-1d0ed284bb2b,Owen Bruning,2025-07-09,21,54.24668790278754,55.22373860339581,2051.470588232787,714.0658396946565,29.671,21.574630000026367,19.28370126097012,31.72,0.23800000000029087,642.8571428563572,15.657317615282194,941.16,43.37587040002247,11.847868203373253,22.240507976225935,0.27314421806662154,22.482961320214116,39.94331142693874,14.354358443609266,34.29812916582961,0000636
